risk,rat_present,season,hours_after_sunset,month,bat_landing_to_food
1,1,0,1.870833333,0,16.0
0,1,0,3.100833333,0,0.074015603
0,1,0,3.1075,0,4.0
1,1,0,3.126944444,0,10.0
1,1,0,3.15,0,15.0
1,1,0,3.155833333,0,24.0
1,1,0,3.166388889,0,13.0
1,1,0,4.684444444,0,15.0
0,1,0,4.691388889,0,6.0
0,1,0,4.693611111,0,3.0
0,1,0,4.695555556,0,5.0
0,1,0,4.7025,0,6.0
1,1,0,4.717777778,0,10.0
1,1,0,4.72,0,1.0
1,1,0,8.8725,0,2.0
0,1,0,4.2375,0,5.0
0,1,0,4.248611111,0,1.0
0,1,0,2.868888889,0,1.0
1,1,0,2.876111111,0,2.0
1,1,0,2.883888889,0,26.0
1,1,0,3.009722222,0,5.0
1,1,0,3.021666667,0,15.0
1,1,0,3.033611111,0,24.0
0,1,0,11.26277778,0,2.0
0,1,0,11.3325,0,2.0
0,1,0,11.46972222,0,1.0
0,1,0,6.591111111,1,0.049410419
0,1,0,6.591666667,1,1.0
1,1,0,6.601388889,1,6.0
0,1,0,6.606666667,1,3.0
1,1,0,6.611111111,1,8.0
1,1,0,6.621666667,1,31.0
0,1,0,6.639444444,1,0.010695699
0,1,0,6.651944444,1,2.0
0,1,0,6.656111111,1,1.0
0,1,0,6.658055556,1,9.0
0,1,0,6.686388889,1,6.0
0,1,0,11.1975,1,11.0
0,1,0,9.108333333,1,2.0
1,1,0,2.522777778,1,3.0
0,1,0,5.168333333,1,1.0
0,1,0,6.673888889,1,4.0
1,1,0,11.32222222,1,1.0
0,1,0,2.770833333,1,1.0
1,1,0,2.895,1,1.0
1,1,0,2.915,1,0.035319187
1,1,0,2.916666667,1,1.0
1,1,0,2.919722222,1,7.0
0,1,0,2.921388889,1,1.0
0,1,0,2.926388889,1,0.034803066
1,1,0,2.930277778,1,1.0
0,1,0,2.931944444,1,1.0
0,1,0,2.9425,1,2.0
0,1,0,2.943611111,1,1.0
0,1,0,2.946666667,1,4.0
0,1,0,2.968333333,1,4.0
1,1,0,2.997222222,1,3.0
0,1,0,8.381666667,1,22.0
1,1,0,2.813333333,1,1.0
1,1,0,8.333055556,2,2.0
1,1,0,9.676111111,2,1.0
1,1,0,8.713055556,2,3.0
1,1,0,7.375277778,2,4.0
0,1,0,7.395833333,2,3.0
0,1,0,7.471944444,2,0.089216347
1,1,0,7.4825,2,2.0
0,1,0,7.485,2,0.041390374
1,1,0,7.489444444,2,0.090143902
0,1,0,7.495277778,2,20.0
1,1,0,7.508333333,2,2.0
1,1,0,7.386111111,2,7.0
1,1,0,7.387222222,2,21.0
0,1,0,7.388055556,2,4.0
0,1,0,7.391388889,2,2.0
0,1,0,0.8775,2,7.0
1,1,0,1.225277778,2,1.0
0,1,0,5.661944444,2,14.0
1,1,0,8.481666667,2,8.0
0,1,0,8.554722222,2,1.0
1,1,0,8.796944444,2,6.0
1,1,0,8.798611111,2,1.0
1,1,0,8.803888889,2,7.0
1,1,0,8.808611111,2,4.0
1,1,0,8.831944444,2,4.0
1,1,0,10.37444444,2,0.035867953
0,1,0,7.489722222,2,2.0
1,1,0,7.505,2,1.0
0,1,0,6.767222222,2,3.0
1,1,0,6.862222222,2,1.0
0,1,0,7.114722222,2,17.0
1,1,0,7.156944444,2,1.0
1,1,0,10.18444444,2,1.0
1,1,0,10.2025,2,21.0
0,1,0,10.21222222,2,9.0
1,1,0,10.34222222,2,1.0
0,1,0,10.435,2,3.0
1,1,0,4.659166667,2,1.0
1,1,0,4.706388889,2,2.0
1,1,0,4.765,2,4.0
1,1,0,5.341666667,2,2.0
1,1,0,5.346388889,2,1.0
1,1,0,5.406388889,2,2.0
1,1,0,5.410277778,2,9.0
1,1,0,5.431944444,2,0.061201372
1,1,0,5.433611111,2,1.0
0,1,0,9.771666667,2,31.0
1,1,0,12.09194444,2,1.0
0,1,0,0.9225,2,0.050105814
0,1,0,2.085833333,2,1.0
1,1,0,2.097222222,2,0.085595674
1,1,0,1.440277778,2,6.0
0,1,0,1.446388889,2,6.0
1,1,0,1.479722222,2,1.0
1,1,0,1.274722222,2,3.0
0,1,0,1.265,2,155.0
0,1,0,1.491111111,2,1.0
0,1,0,1.5125,2,1.0
1,1,0,0.592777778,2,29.0
1,1,0,1.260555556,2,4.0
0,1,0,6.072222222,2,1.0
0,1,0,6.081388889,2,1.0
0,1,0,6.121111111,2,6.0
1,1,0,4.860277778,2,2.0
1,1,0,4.903611111,2,16.0
1,1,0,4.909166667,2,2.0
0,1,0,4.910555556,2,1.0
1,1,0,4.922777778,2,0.07570842
0,1,0,7.078055556,2,0.057540536
1,1,0,8.078333333,2,3.0
1,1,0,3.771111111,2,5.0
1,1,0,4.236666667,2,1.0
1,1,0,4.238611111,2,2.0
1,1,0,4.368333333,2,1.0
0,1,0,4.390555556,2,6.0
1,1,0,4.392222222,2,4.0
1,1,0,4.404722222,2,13.0
1,1,0,4.409722222,2,1.0
0,1,0,4.410555556,2,2.0
1,1,0,4.428888889,2,1.0
1,1,0,7.1725,2,1.0
0,1,0,7.794722222,2,5.0
1,1,0,8.544444444,2,0.04438061
1,1,0,8.551944444,2,3.0
0,1,0,8.5825,2,1.0
0,1,0,8.59,2,6.0
1,1,0,8.594722222,2,24.0
0,1,0,2.05,2,0.097399911
1,1,0,3.370555556,2,2.0
1,1,0,3.374722222,2,1.0
1,1,0,3.376666667,2,2.0
0,1,0,0.247777778,2,0.050211363
0,1,1,3.795555556,3,3.0
0,1,1,3.815277778,3,2.0
0,1,1,3.824166667,3,1.0
0,1,1,3.831111111,3,2.0
0,1,1,5.849444444,3,4.0
1,1,1,5.883055556,3,0.046019395
0,1,1,5.890833333,3,9.0
0,1,1,5.896111111,3,18.0
1,1,1,5.899166667,3,14.0
1,1,1,5.903055556,3,2.0
0,1,1,5.903333333,3,3.0
1,1,1,5.907222222,3,12.0
0,1,1,5.911666667,3,15.0
0,1,1,5.948055556,3,2.0
1,1,1,5.955277778,3,34.0
1,1,1,5.970555556,3,11.0
0,1,1,7.385833333,3,0.013008356
0,1,1,7.415277778,3,2.0
1,1,1,7.43,3,2.0
1,1,1,7.469166667,3,0.028276798
1,1,1,8.347222222,3,4.0
0,1,1,9.436944444,3,2.0
1,1,1,5.497777778,3,25.0
0,1,1,6.976944444,3,3.0
0,1,1,5.495,3,1.0
0,1,1,6.986666667,3,0.064154735
1,1,1,3.06,4,10.0
1,1,1,3.075277778,4,8.0
0,1,1,3.079166667,4,2.0
1,1,1,3.080555556,4,6.0
0,1,1,3.086666667,4,2.0
0,1,1,3.109166667,4,0.030293066
1,1,1,3.138055556,4,7.0
1,1,1,3.141111111,4,6.0
0,1,1,3.139722222,4,18.0
1,1,1,3.147222222,4,17.0
0,1,1,4.189444444,4,1.0
0,1,1,4.259722222,4,6.0
0,1,1,4.708055556,4,2.0
0,1,1,4.735,4,1.0
1,1,1,4.747777778,4,11.0
0,1,1,4.750833333,4,3.0
0,1,1,4.752222222,4,25.0
1,1,1,4.751944444,4,6.0
1,1,1,4.758611111,4,3.0
1,1,1,4.765555556,4,11.0
0,1,1,4.784444444,4,15.0
1,1,1,4.785833333,4,6.0
0,1,1,6.003888889,4,0.069936967
0,1,1,6.011944444,4,1.0
0,1,1,6.016388889,4,1.0
0,1,1,6.017222222,4,4.0
1,1,1,6.020277778,4,0.036982956
1,1,1,6.0225,4,1.0
0,1,1,6.024722222,4,2.0
0,1,1,6.039166667,4,4.0
1,1,1,6.053611111,4,3.0
0,1,1,6.066111111,4,2.0
1,1,1,6.087222222,4,19.0
0,1,1,6.11,4,3.0
0,1,1,6.159166667,4,6.0
0,1,1,6.185833333,4,1.0
1,1,1,6.205,4,9.0
1,1,1,6.213055556,4,23.0
0,1,1,6.24,4,1.0
0,1,1,6.249166667,4,155.0
0,1,1,2.358611111,4,3.0
0,1,1,2.438055556,4,3.0
0,1,1,2.459166667,4,2.0
0,1,1,4.395833333,4,2.0
1,1,1,4.401111111,4,9.0
0,1,1,4.408611111,4,4.0
1,1,1,4.444444444,4,5.0
1,1,1,4.447222222,4,4.0
0,1,1,4.454722222,4,1.0
1,1,1,4.479166667,4,48.0
0,1,1,4.479166667,4,3.0
1,1,1,4.504166667,4,0.010238211
0,1,1,4.558333333,4,2.0
1,1,1,4.656111111,4,2.0
1,1,1,5.788055556,4,3.0
0,1,1,5.791666667,4,4.0
1,1,1,5.801111111,4,22.0
0,1,1,5.802222222,4,2.0
0,1,1,5.811666667,4,2.0
0,1,1,5.815833333,4,2.0
1,1,1,5.830555556,4,59.0
0,1,1,5.845,4,4.0
1,1,1,5.883888889,4,1.0
1,1,1,5.900833333,4,14.0
0,1,1,5.958055556,4,1.0
0,1,1,5.960277778,4,0.04722604
0,1,1,5.965555556,4,0.022571773
1,1,1,2.135,4,68.0
1,1,1,2.135833333,4,6.0
1,1,1,2.137777778,4,2.0
1,1,1,2.142222222,4,8.0
1,1,1,2.148055556,4,5.0
1,1,1,2.150833333,4,2.0
1,1,1,2.154166667,4,15.0
1,1,1,2.157777778,4,4.0
1,1,1,3.148055556,4,15.0
1,1,1,3.152777778,4,18.0
0,1,1,3.161666667,4,3.0
1,1,1,3.166111111,4,13.0
1,1,1,3.166111111,4,14.0
1,1,1,3.169166667,4,10.0
0,1,1,3.178055556,4,1.0
1,1,1,3.178611111,4,7.0
0,1,1,3.199722222,4,3.0
0,1,1,3.203333333,4,1.0
1,1,1,3.219722222,4,23.0
0,1,1,3.228611111,4,0.078814418
0,1,1,3.23,4,1.0
0,1,1,3.231944444,4,4.0
1,1,1,3.233055556,4,5.0
0,1,1,3.234166667,4,3.0
0,1,1,3.238055556,4,2.0
1,1,1,3.238888889,4,55.0
0,1,1,3.2525,4,3.0
0,1,1,3.256388889,4,3.0
0,1,1,3.268333333,4,1.0
1,1,1,3.287777778,4,65.0
1,1,1,3.298055556,4,275.0
1,1,1,3.308611111,4,2.0
1,1,1,3.310833333,4,2.0
1,1,1,3.313888889,4,1.0
1,1,1,3.32,4,18.0
0,1,1,3.805,4,0.028315379
1,1,1,3.809166667,4,6.0
1,1,1,3.811666667,4,9.0
0,1,1,3.823055556,4,2.0
0,1,1,3.825555556,4,8.0
0,1,1,3.829444444,4,6.0
0,1,1,3.874722222,4,6.0
0,1,1,3.8775,4,0.039556377
1,1,1,5.126111111,4,7.0
0,1,1,5.141388889,4,4.0
1,1,1,5.143333333,4,0.02018894
1,1,1,5.148611111,4,47.0
1,1,1,5.159166667,4,35.0
1,1,1,5.161666667,4,13.0
1,1,1,5.168888889,4,12.0
1,1,1,5.174166667,4,20.0
1,1,1,5.175277778,4,9.0
1,1,1,5.178611111,4,21.0
1,1,1,5.186111111,4,1.0
0,1,1,5.1875,4,6.0
1,1,1,6.04,4,15.0
1,1,1,6.0425,4,3.0
0,1,1,6.051944444,4,8.0
0,1,1,6.053888889,4,10.0
0,1,1,6.058333333,4,15.0
1,1,1,6.080833333,4,26.0
0,1,1,6.083055556,4,2.0
1,1,1,6.899722222,4,0.050962883
0,1,1,6.910833333,4,5.0
0,1,1,6.936666667,4,3.0
0,1,1,6.966111111,4,13.0
1,1,1,6.986111111,4,3.0
1,1,1,6.999444444,4,0.09619989
1,1,1,7.0,4,0.063771569
0,1,1,7.046944444,4,0.081091814
0,1,1,7.379722222,4,2.0
0,1,1,7.509166667,4,0.090564496
0,1,1,7.545833333,4,2.0
0,1,1,7.546944444,4,14.0
0,1,1,7.580277778,4,0.032779517
0,1,1,7.587777778,4,10.0
0,1,1,7.591666667,4,22.0
1,1,1,7.600555556,4,0.068238813
1,1,1,7.614722222,4,11.0
0,1,1,7.741666667,4,1.0
0,1,1,7.743055556,4,2.0
1,1,1,8.101388889,4,0.042707344
0,1,1,8.102222222,4,13.0
1,1,1,8.105833333,4,0.043905767
0,1,1,8.124166667,4,1.0
1,1,1,8.136111111,4,0.076705397
0,1,1,8.446388889,4,0.040958086
1,1,1,8.48,4,0.056999457
1,1,1,8.480277778,4,0.099530937
1,1,1,8.4825,4,0.014419381
0,1,1,8.736111111,4,3.0
0,1,1,8.931666667,4,5.0
1,1,1,9.323055556,4,0.040564984
1,1,1,3.194444444,4,16.0
0,1,1,3.276666667,4,1.0
0,1,1,3.806111111,4,0.044489486
1,1,1,3.808333333,4,2.0
1,1,1,6.975,4,54.0
0,1,1,7.520833333,4,1.0
0,1,1,8.135555556,4,3.0
0,1,1,8.481944444,4,22.0
0,1,1,0.217222222,4,0.051207358
0,1,1,0.242777778,4,1.0
0,1,1,0.260277778,4,1.0
1,1,1,0.348333333,4,5.0
1,1,1,2.360555556,4,0.039785341
0,1,1,2.426388889,4,176.0
0,1,1,2.434722222,4,3.0
1,1,1,2.436388889,4,2.0
1,1,1,3.381944444,4,4.0
0,1,1,3.406111111,4,237.0
1,1,1,3.506944444,4,1.0
0,1,1,4.857222222,4,12.0
0,1,1,4.848888889,4,39.0
1,1,1,4.863333333,4,14.0
1,1,1,4.871111111,4,5.0
1,1,1,4.878611111,4,0.016181067
1,1,1,4.887777778,4,29.0
1,1,1,4.894722222,4,3.0
1,1,1,4.900555556,4,18.0
1,1,1,4.946944444,4,11.0
0,1,1,4.966666667,4,1.0
0,1,1,4.992777778,4,0.093784466
0,1,1,4.999444444,4,0.019265878
0,1,1,5.003333333,4,1.0
0,1,1,5.030555556,4,6.0
1,1,1,5.035,4,10.0
0,1,1,5.045555556,4,0.058920205
0,1,1,6.802777778,4,0.024862202
0,1,1,6.803333333,4,1.0
1,1,1,6.81,4,10.0
0,1,1,6.815277778,4,1.0
0,1,1,6.825833333,4,1.0
0,1,1,6.831111111,4,0.014004332
1,1,1,6.8375,4,7.0
0,1,1,6.851944444,4,7.0
1,1,1,7.604166667,4,3.0
1,1,1,7.611111111,4,6.0
0,1,1,7.614722222,4,1.0
0,1,1,7.620555556,4,4.0
0,1,1,7.63,4,5.0
0,1,1,7.65,4,26.0
0,1,1,8.251666667,4,4.0
0,1,1,8.331388889,4,4.0
0,1,1,8.343888889,4,10.0
1,1,1,8.346388889,4,10.0
0,1,1,8.353611111,4,2.0
0,1,1,8.360833333,4,1.0
0,1,1,8.365833333,4,3.0
0,1,1,8.374166667,4,3.0
1,1,1,8.383611111,4,73.0
0,1,1,8.756111111,4,3.0
0,1,1,8.799722222,4,0.068554286
0,1,1,8.809444444,4,3.0
1,1,1,0.276944444,4,4.0
0,1,1,0.736388889,4,1.0
1,1,1,0.761666667,4,20.0
1,1,1,0.767777778,4,9.0
1,1,1,0.863333333,4,54.0
0,1,1,3.726666667,4,1.0
0,1,1,3.730833333,4,25.0
1,1,1,3.749166667,4,14.0
1,1,1,3.751666667,4,8.0
0,1,1,3.753055556,4,6.0
1,1,1,4.640833333,4,26.0
0,1,1,4.644722222,4,6.0
1,1,1,4.664166667,4,24.0
0,1,1,4.681388889,4,1.0
0,1,1,4.689444444,4,19.0
0,1,1,6.1875,4,3.0
0,1,1,6.191388889,4,6.0
0,1,1,6.200833333,4,1.0
1,1,1,6.583333333,4,7.0
0,1,1,6.591944444,4,1.0
1,1,1,6.605833333,4,16.0
0,1,1,6.989722222,4,11.0
0,1,1,7.0225,4,18.0
0,1,1,7.036388889,4,2.0
0,1,1,8.379722222,4,2.0
0,1,1,8.427777778,4,1.0
0,1,1,8.433055556,4,7.0
0,1,1,8.476944444,4,6.0
0,1,1,8.490277778,4,5.0
0,1,1,8.494444444,4,2.0
1,1,1,8.497777778,4,23.0
1,1,1,8.5075,4,13.0
1,1,1,8.478888889,4,71.0
0,1,1,10.23305556,4,2.0
0,1,1,10.14944444,4,1.0
0,1,1,-0.169166667,4,0.025345863
0,1,1,-0.148611111,4,0.096196
0,1,1,-0.144444444,4,0.063701466
0,1,1,1.341944444,4,0.094784549
1,1,1,1.358888889,4,0.076254237
1,1,1,1.419166667,4,0.014184241
1,1,1,2.198055556,4,9.0
1,1,1,2.210833333,4,28.0
0,1,1,3.725555556,4,1.0
0,1,1,3.754166667,4,5.0
1,1,1,4.036944444,4,0.047647063
1,1,1,4.054444444,4,0.090449811
0,1,1,4.075555556,4,3.0
0,1,1,4.084444444,4,14.0
1,1,1,5.060833333,4,17.0
1,1,1,5.075833333,4,20.0
1,1,1,5.110277778,4,0.099179779
0,1,1,5.138888889,4,11.0
0,1,1,5.611111111,4,2.0
1,1,1,5.611944444,4,0.043720185
0,1,1,5.614166667,4,0.019372407
1,1,1,5.622777778,4,174.0
1,1,1,5.735277778,4,2.0
1,1,1,5.740555556,4,6.0
1,1,1,5.743888889,4,5.0
0,1,1,5.746388889,4,3.0
1,1,1,5.758888889,4,0.069546705
1,1,1,5.761944444,4,0.035887407
0,1,1,5.77,4,5.0
0,1,1,5.772777778,4,6.0
0,1,1,5.779444444,4,0.087634798
0,1,1,5.780833333,4,3.0
0,1,1,6.0175,4,0.038141769
1,1,1,6.026666667,4,0.09694048
0,1,1,6.032222222,4,2.0
0,1,1,6.049166667,4,2.0
0,1,1,6.409444444,4,4.0
0,1,1,6.430277778,4,5.0
0,1,1,6.432222222,4,3.0
0,1,1,6.448888889,4,5.0
0,1,1,6.450277778,4,0.020820512
1,1,1,6.496666667,4,9.0
0,1,1,6.501388889,4,1.0
0,1,1,6.539166667,4,21.0
1,1,1,6.544722222,4,4.0
0,1,1,7.544166667,4,1.0
0,1,1,7.556388889,4,31.0
0,1,1,7.581111111,4,6.0
1,1,1,7.659722222,4,2.0
1,1,1,7.663611111,4,0.071250736
0,1,1,7.668888889,4,4.0
0,1,1,7.672777778,4,7.0
0,1,1,7.751666667,4,3.0
0,1,1,7.769166667,4,0.083007044
1,1,1,7.785,4,0.014550835
1,1,1,7.925833333,4,72.0
1,1,1,8.252222222,4,2.0
0,1,1,8.2625,4,12.0
1,1,1,8.356666667,4,0.025349973
1,1,1,8.441666667,4,0.094601342
1,1,1,8.450555556,4,26.0
0,1,1,9.265,4,0.044300625
0,1,1,9.299166667,4,0.09536188
0,1,1,9.688333333,4,0.091074825
0,1,1,4.049166667,4,2.0
0,1,1,4.053611111,4,1.0
1,1,1,4.056666667,4,80.0
1,1,1,7.545555556,4,67.0
0,1,1,7.5525,4,1.0
0,1,1,7.784722222,4,2.0
1,1,1,8.459722222,4,105.0
0,1,1,1.414722222,4,0.017597713
0,1,1,1.499722222,4,0.032534418
0,1,1,1.503888889,4,4.0
1,1,1,1.5175,4,14.0
1,1,1,3.5725,4,20.0
0,1,1,3.573888889,4,2.0
1,1,1,3.59,4,36.0
1,1,1,3.611388889,4,8.0
1,1,1,3.6225,4,0.097800752
1,1,1,3.690277778,4,0.063312201
1,1,1,3.7075,4,18.0
0,1,1,3.716111111,4,2.0
1,1,1,3.718333333,4,5.0
0,1,1,3.786944444,4,0.078489345
1,1,1,6.196944444,4,22.0
1,1,1,6.201944444,4,46.0
1,1,1,6.211111111,4,9.0
0,1,1,6.215,4,4.0
1,1,1,6.218055556,4,0.085746166
0,1,1,6.220277778,4,4.0
1,1,1,6.243611111,4,0.040027684
0,1,1,6.306388889,4,0.076567662
1,1,1,6.352777778,4,0.072746343
1,1,1,6.355,4,0.055695432
1,1,1,6.357222222,4,33.0
1,1,1,6.365,4,39.0
0,1,1,6.3875,4,3.0
0,1,1,7.387777778,4,0.094277126
0,1,1,7.395555556,4,1.0
0,1,1,7.409722222,4,0.019462583
0,1,1,7.415277778,4,7.0
0,1,1,7.423333333,4,0.037865482
0,1,1,7.431944444,4,4.0
1,1,1,7.451111111,4,0.037828205
1,1,1,7.450277778,4,22.0
0,1,1,7.543611111,4,0.099086619
1,1,1,7.545277778,4,0.033212611
1,1,1,7.614166667,4,0.096084094
1,1,1,8.582777778,4,7.0
0,1,1,8.596111111,4,6.0
1,1,1,6.254166667,4,5.0
1,1,1,2.662777778,4,8.0
1,1,1,2.705,4,5.0
1,1,1,2.9,4,17.0
1,1,1,3.389722222,4,1.0
0,1,1,3.732777778,4,2.0
1,1,1,3.746666667,4,31.0
0,1,1,3.749722222,4,1.0
0,1,1,3.756944444,4,2.0
1,1,1,3.887777778,4,5.0
1,1,1,3.892222222,4,13.0
1,1,1,3.900833333,4,15.0
0,1,1,3.97,4,1.0
0,1,1,3.980833333,4,3.0
0,1,1,3.993611111,4,2.0
0,1,1,4.401111111,4,6.0
1,1,1,4.829722222,4,11.0
1,1,1,4.873055556,4,3.0
0,1,1,4.882222222,4,6.0
1,1,1,4.882777778,4,5.0
1,1,1,4.882777778,4,5.0
0,1,1,4.885,4,2.0
0,1,1,4.892777778,4,4.0
1,1,1,4.894722222,4,1.0
1,1,1,4.901944444,4,7.0
0,1,1,4.906111111,4,6.0
1,1,1,4.919166667,4,5.0
0,1,1,4.919444444,4,18.0
0,1,1,4.925833333,4,3.0
1,1,1,4.9325,4,10.0
0,1,1,5.808888889,4,1.0
0,1,1,5.813333333,4,0.063724824
1,1,1,5.815277778,4,5.0
0,1,1,5.824166667,4,6.0
1,1,1,6.935833333,4,15.0
0,1,1,6.945555556,4,4.0
1,1,1,7.071388889,4,5.0
0,1,1,7.079722222,4,0.026148246
1,1,1,7.528333333,4,7.0
0,1,1,7.530555556,4,7.0
0,1,1,7.533611111,4,0.08833199
0,1,1,7.542222222,4,8.0
1,1,1,7.549166667,4,28.0
0,1,1,7.553611111,4,6.0
1,1,1,8.1225,4,15.0
0,1,1,8.126388889,4,2.0
0,1,1,8.305,4,3.0
0,1,1,8.554722222,4,3.0
1,1,1,9.978888889,4,17.0
0,1,1,10.04972222,4,1.0
0,1,1,10.63222222,4,3.0
0,1,1,3.875,4,0.032185829
1,1,1,1.516388889,4,1.0
1,1,1,1.5275,4,12.0
0,1,1,5.118888889,4,7.0
0,1,1,6.058055556,4,3.0
1,1,1,9.331666667,4,8.0
0,1,1,9.334444444,4,1.0
0,1,1,9.352222222,4,5.0
0,1,1,9.353888889,4,14.0
0,1,1,-0.175555556,4,0.084689878
0,1,1,1.792222222,4,0.093387578
0,1,1,1.491944444,4,0.029003504
0,1,1,2.300555556,4,9.0
0,1,1,2.314444444,4,1.0
1,1,1,1.926388889,4,2.0
1,1,1,1.946111111,4,2.0
1,1,1,2.227222222,4,50.0
1,1,1,2.8325,4,150.0
1,1,1,2.853611111,4,6.0
0,1,1,2.878333333,4,11.0
1,1,1,2.928055556,4,13.0
1,1,1,3.343333333,4,32.0
0,1,1,3.786944444,4,36.0
1,1,1,4.1525,4,164.0
1,1,1,4.154444444,4,4.0
1,1,1,4.165277778,4,9.0
1,1,1,4.170277778,4,12.0
1,1,1,4.173611111,4,11.0
0,1,1,4.198055556,4,2.0
0,1,1,3.127777778,4,0.052214843
0,1,1,3.125,4,1.0
1,1,1,0.4025,4,5.0
0,1,1,0.456388889,4,2.0
0,1,1,4.955,4,7.0
0,1,1,4.976388889,4,2.0
0,1,1,5.536388889,4,5.0
0,1,1,5.566944444,4,4.0
0,1,1,5.591666667,4,4.0
0,1,1,5.595277778,4,16.0
0,1,1,5.916111111,4,1.0
0,1,1,5.937777778,4,2.0
0,1,1,6.456111111,4,3.0
0,1,1,5.563333333,4,4.0
1,1,1,0.138611111,4,30.0
0,1,1,0.243055556,4,28.0
0,1,1,0.605555556,4,2.0
1,1,1,8.714444444,4,27.0
0,1,1,10.01916667,4,5.0
0,1,1,0.164722222,4,1.0
0,1,1,0.200555556,4,5.0
0,1,1,0.216388889,4,0.039481249
1,1,1,1.891666667,4,118.0
1,1,1,1.975555556,4,37.0
1,1,1,2.141944444,4,109.0
0,1,1,2.155555556,4,2.0
0,1,1,2.186388889,4,25.0
0,1,1,2.249444444,4,37.0
0,1,1,2.772222222,4,2.0
0,1,1,5.601666667,4,1.0
1,1,1,5.631388889,4,28.0
1,1,1,5.698611111,4,2.0
0,1,1,5.708055556,4,0.071239584
1,1,1,6.516666667,4,11.0
1,1,1,6.933055556,4,5.0
0,1,1,6.941111111,4,0.033235649
0,1,1,6.947222222,4,3.0
1,1,1,7.027222222,4,15.0
0,1,1,7.033333333,4,1.0
1,1,1,7.060555556,4,1.0
1,1,1,7.0625,4,17.0
0,1,1,7.066944444,4,0.0502264
1,1,1,7.071388889,4,4.0
0,1,1,7.071944444,4,1.0
0,1,1,7.074166667,4,0.057320093
1,1,1,7.073888889,4,2.0
0,1,1,7.076666667,4,2.0
0,1,1,8.218611111,4,1.0
1,1,1,8.223611111,4,6.0
0,1,1,10.69888889,4,4.0
0,1,1,5.695,4,17.0
0,1,1,3.885833333,5,41.0
1,1,1,4.518888889,5,4.0
0,1,1,7.067777778,5,5.0
1,1,1,7.870833333,5,10.0
1,1,1,8.3525,5,23.0
1,1,1,9.072777778,5,2.0
1,1,1,9.085277778,5,5.0
1,1,1,9.3475,5,42.0
0,1,1,10.14583333,5,10.0
1,1,1,10.15638889,5,2.0
1,1,1,7.867222222,5,30.0
1,1,1,9.098888889,5,50.0
0,1,1,6.223055556,5,31.0
1,1,1,7.122777778,5,3.0
0,1,1,7.136944444,5,2.0
0,1,1,7.156666667,5,1.0
0,1,1,7.158055556,5,4.0
0,1,1,7.16,5,5.0
0,1,1,7.208333333,5,21.0
0,1,1,7.221944444,5,7.0
0,1,1,7.225,5,23.0
0,1,1,7.953888889,5,1.0
1,1,1,8.066388889,5,8.0
1,1,1,8.079444444,5,8.0
0,1,1,-0.198611111,5,4.0
0,1,1,-0.175,5,1.0
0,1,1,-0.109444444,5,1.0
0,1,1,2.120277778,5,1.0
0,1,1,2.226111111,5,1.0
0,1,1,2.833888889,5,4.0
0,1,1,3.858611111,5,23.0
0,1,1,4.592777778,5,10.0
0,1,1,5.434166667,5,2.0
1,1,1,5.434722222,5,19.0
0,1,1,5.470833333,5,1.0
1,1,1,5.488055556,5,106.0
1,1,1,5.501666667,5,2.0
1,1,1,5.509166667,5,6.0
0,1,1,5.523055556,5,5.0
1,1,1,5.541388889,5,20.0
0,1,1,5.544722222,5,22.0
0,1,1,5.551666667,5,7.0
1,1,1,5.605555556,5,4.0
1,1,1,6.248333333,5,2.0
0,1,1,6.9525,5,5.0
1,1,1,6.995555556,5,0.010871342
1,1,1,7.008055556,5,4.0
1,1,1,7.016944444,5,6.0
0,1,1,7.519722222,5,30.0
0,1,1,8.5025,5,1.0
1,1,1,9.026111111,5,23.0
0,1,1,9.813055556,5,0.019932178
1,1,1,5.513611111,5,22.0
1,1,1,6.92,5,443.0
1,1,1,7.024166667,5,7.0
1,1,1,5.644166667,5,4.0
0,1,1,7.147777778,5,2.0
0,1,1,7.168611111,5,7.0
1,1,1,7.179166667,5,5.0
0,1,1,7.794166667,5,3.0
1,1,1,9.301111111,5,3.0
1,1,1,9.311388889,5,44.0
0,1,1,2.702222222,5,4.0
0,1,1,2.727222222,5,1.0
1,1,1,2.758611111,5,7.0
1,1,1,2.761388889,5,24.0
1,1,1,4.505833333,5,22.0
1,1,1,7.314722222,5,2.0
1,1,1,7.326666667,5,21.0
1,1,1,7.336388889,5,8.0
1,1,1,9.059444444,5,8.0
0,1,1,6.753888889,5,10.0
0,1,1,3.234444444,5,1.0
1,1,1,3.235833333,5,9.0
1,1,1,3.272222222,5,4.0
1,1,1,4.299166667,5,3.0
1,1,1,4.306388889,5,1.0
1,1,1,4.388055556,5,11.0
1,1,1,4.396388889,5,34.0
1,1,1,4.438333333,5,16.0
0,1,1,-0.261666667,5,0.068724243
0,1,1,9.5375,5,1.0
1,1,1,3.736111111,5,83.0
0,1,1,3.574166667,5,0.062303811
1,1,1,2.593888889,5,31.0
0,1,1,7.299722222,5,16.0
1,1,1,2.311111111,5,8.0
1,1,1,5.373888889,5,35.0
1,1,1,7.338888889,5,26.0
1,1,1,7.39,5,43.0
0,1,1,5.253333333,5,1.0
1,1,1,5.330833333,5,34.0
0,1,1,7.348611111,5,7.0
1,1,1,7.918055556,5,14.0
1,1,1,4.769444444,5,36.0
0,1,1,4.773888889,5,4.0
1,1,1,4.780833333,5,19.0
1,1,1,4.783333333,5,4.0
1,1,1,4.806666667,5,14.0
1,1,1,4.823611111,5,29.0
0,1,1,5.150555556,5,0.095162728
1,1,1,5.202777778,5,82.0
0,1,1,5.214444444,5,3.0
0,1,1,5.216944444,5,0.042360901
0,1,1,5.222777778,5,2.0
1,1,1,5.224166667,5,3.0
0,1,1,5.231944444,5,2.0
1,1,1,5.245277778,5,8.0
1,1,1,5.290555556,5,104.0
1,1,1,5.327777778,5,4.0
1,1,1,5.351111111,5,30.0
1,1,1,5.375,5,18.0
0,1,1,5.394444444,5,2.0
1,1,1,5.406388889,5,8.0
1,1,1,5.408055556,5,52.0
0,1,1,7.231111111,5,2.0
0,1,1,8.188055556,5,4.0
1,1,1,8.608611111,5,7.0
0,1,1,8.619166667,5,4.0
1,1,1,10.37722222,5,19.0
1,1,1,4.786666667,5,1.0
0,1,1,4.827777778,5,5.0
0,1,1,5.196666667,5,2.0
0,1,1,5.252222222,5,13.0
1,1,1,5.274722222,5,61.0
0,1,1,5.401666667,5,1.0
1,1,1,5.4025,5,40.0
1,1,1,3.194166667,5,8.0
0,1,1,4.696111111,5,81.0
1,1,1,5.929166667,5,26.0
1,1,1,10.21861111,5,4.0
0,1,1,8.131944444,5,14.0
1,1,1,-0.015277778,5,6.0
1,1,1,0.530555556,5,3.0
1,1,1,0.542222222,5,1.0
1,1,1,0.568611111,5,1.0
0,1,1,1.670555556,5,18.0
1,1,1,1.680277778,5,1.0
1,1,1,1.733888889,5,4.0
0,1,1,2.652222222,5,29.0
0,1,1,3.592777778,5,1.0
1,1,1,3.868611111,5,16.0
0,1,1,3.991666667,5,2.0
0,1,1,3.9925,5,1.0
0,1,1,4.643055556,5,56.0
1,1,1,8.133333333,5,13.0
1,1,1,8.164722222,5,1.0
0,1,1,8.181111111,5,1.0
1,1,1,8.500833333,5,20.0
1,1,1,2.595833333,5,14.0
1,1,1,3.425555556,5,15.0
1,1,1,3.522777778,5,23.0
0,1,1,4.048888889,5,1.0
1,1,1,6.581111111,5,1.0
1,1,1,6.581666667,5,3.0
1,1,1,6.605,5,16.0
1,1,1,6.607222222,5,27.0
1,1,1,6.623888889,5,0.092315438
1,1,1,6.731388889,5,16.0
1,1,1,6.766388889,5,5.0
1,1,1,7.871944444,5,12.0
0,1,1,8.258055556,5,1.0
1,1,1,8.263888889,5,1.0
0,1,1,8.270555556,5,2.0
1,1,1,8.309444444,5,12.0
0,1,1,8.312777778,5,1.0
0,1,1,8.313888889,5,3.0
1,1,1,8.331944444,5,50.0
0,1,1,8.368888889,5,1.0
1,1,1,9.138611111,5,37.0
0,1,1,9.717222222,5,1.0
1,1,1,9.7225,5,5.0
0,1,1,9.736944444,5,8.0
1,1,1,10.07083333,5,19.0
0,1,1,2.761944444,5,0.060691217
0,1,1,8.311666667,5,0.0892831
0,1,1,9.747222222,5,11.0
0,1,1,9.751666667,5,18.0
0,1,1,9.7575,5,6.0
1,1,1,1.044166667,5,6.0
0,1,1,1.353055556,5,10.0
1,1,1,1.455833333,5,17.0
1,1,1,3.060555556,5,33.0
0,1,1,3.172777778,5,8.0
0,1,1,3.176944444,5,1.0
1,1,1,4.226111111,5,16.0
0,1,1,5.337222222,5,195.0
1,1,1,5.658888889,5,14.0
0,1,1,5.678611111,5,19.0
0,1,1,6.658055556,5,2.0
1,1,1,6.702222222,5,46.0
0,1,1,6.719166667,5,2.0
0,1,1,7.392222222,5,1.0
1,1,1,8.043888889,5,1.0
1,1,1,8.06,5,18.0
0,1,1,8.441944444,5,35.0
1,1,1,9.289166667,5,38.0
1,1,1,-0.1675,5,1.0
1,1,1,-0.1525,5,39.0
1,1,1,-0.128611111,5,4.0
1,1,1,0.949166667,5,2.0
1,1,1,1.61,5,0.042337019
0,1,1,2.527777778,5,23.0
1,1,1,4.460277778,5,22.0
1,1,1,4.476944444,5,29.0
0,1,1,4.495277778,5,28.0
1,1,1,4.833888889,5,5.0
1,1,1,5.003611111,5,18.0
1,1,1,5.006388889,5,20.0
1,1,1,6.598055556,5,0.018395555
0,1,1,6.7025,5,4.0
1,1,1,6.735833333,5,11.0
0,1,1,6.739722222,5,4.0
0,1,1,6.749722222,5,10.0
1,1,1,7.594722222,5,36.0
1,1,1,7.604722222,5,10.0
1,1,1,7.608888889,5,76.0
0,1,1,7.610833333,5,1.0
0,1,1,7.634166667,5,5.0
1,1,1,7.675,5,67.0
1,1,1,7.699722222,5,45.0
0,1,1,7.717222222,5,0.062233499
1,1,1,7.73,5,6.0
0,1,1,7.7375,5,8.0
1,1,1,7.741944444,5,5.0
1,1,1,7.790277778,5,8.0
1,1,1,7.981388889,5,4.0
1,1,1,8.933333333,5,2.0
0,1,1,8.9475,5,1.0
0,1,1,8.957222222,5,22.0
0,1,1,4.498888889,5,2.0
1,1,1,10.2975,5,120.0
